{
  "event": "استيلاء العلويين على السلطة بقيادة مولاي الرشيد",
  "date": {
    "milady": {
      "start": 1666,
      "end": 1672
    },
    "hijry": {
      "start": 1077,
      "end": 1083,
      "approx": true
    }
  },
  "results": {
    "en": [
      {
        "title": "Crossing the Strait from Morocco to the United States: the transnational gendering of the Atlantic World before 1830",
        "url": "https://rave.ohiolink.edu/etdc/view?acc_num=osu1142437763",
        "snippet": "… In the US, this resulted in the simultaneousriseof domesticity… of corsair attacks on shipssailingunderthe American flag. Dr. …Alawidynasty as Arab and not African, claiming thatMoulay…",
        "source": {
          "authors": "MR Robinson",
          "journal_venue": "2006"
        }
      },
      {
        "title": "Sustainable diplomacy",
        "url": "https://link.springer.com/content/pdf/10.1057/9781403980977.pdf",
        "snippet": "… While one nation might livewithinthe means of its own … common locationwithinthe Earth’sbiosphere. Thus, power … strains of economic competition andrisingexpectations. These are …",
        "source": {
          "authors": "D Wellman",
          "journal_venue": "2004"
        }
      }
    ],
    "ar": [
      {
        "title": "جوانب من تاريخ وآثار مدينة بني ملال ومجال تادلا",
        "url": "https://journals.openedition.org/asinag/439",
        "snippet": "Tadla, vaste zone à laquelle est associée la ville de Béni Mellal, est mentionnée dans lesplus importantes sources historiques et géographiques relatives au Maroc. Ce territoire riche …‏",
        "source": {
          "authors": null,
          "journal_venue": "H Najji, I Badaoui - Asinag, 2020‏ -journals.openedition.org‏"
        }
      }
    ],
    "fr": [
      {
        "title": "Vivre ensemble: Conflit et cohabitation à Ceuta et Melilla",
        "url": "https://www.torrossa.com/gs/resourceProxy?an=4838358&publisher=FZ2990",
        "snippet": "… qui se succédèrent entre 1673 et 1727, lorsqueMoulayIsmail, frère du souverainMoulayAlRachid, fondateur de la dynastiealaouite, fut à la tête du royaume du Maroc85. Le règne de …",
        "source": {
          "authors": "A Fernández García",
          "journal_venue": "2017"
        }
      },
      {
        "title": "Première partie. La mainmise européenne sur le monde",
        "url": "https://shs.cairn.info/article/PUF_PHAN_2012_01_0007?tab=texte-integral",
        "snippet": "… Sa politique coloniale fut, elle aussi, placéesousle signe du renforcement de l’État. Deson côté, Jacques VI d’Écosse devint Jacques I er d’Angleterre et, par le biais de cette union …",
        "source": {
          "authors": "B Phan - Quadrige, 2012",
          "journal_venue": "shs.cairn.info"
        }
      },
      {
        "title": "Le Sacré et la détention politique au Maroc actuel",
        "url": "https://www.hypatia-institute.net/wp-content/uploads/2016/08/Program-of-Rule-of-Law-The-Independence-of-Justice.pdf",
        "snippet": "… Le culte des empereurs s’étendue depuis l’accessiondu premier empereur Octavien/ … (Dieu , dit Abu Youssouf à HarunAlRachid, t’a investi de la charge du gouvernement de la notion …",
        "source": {
          "authors": "H Arroub",
          "journal_venue": "2017"
        }
      },
      {
        "title": "L'arganier au Maroc: Entre mythes et réalités-Une civilisation née d'un arbre",
        "url": "https://www.torrossa.com/it/resources/an/5104900",
        "snippet": "… dressée la tente deMoulayRachid, deuxième monarqueAlaouitevenu dans le … ,souslenom d'Idriss 1er.Le royaume d'Idriss1erparvint à résister au calife de Bagdad HarounAlRachid…",
        "source": {
          "authors": "R Nouaim",
          "journal_venue": "2005"
        }
      },
      {
        "title": "L'esthétique de l'hybridité dans le théâtre de Tayeb Saddiki. Exemple des Maqâmât [Les Séances]",
        "url": "https://muse.jhu.edu/pub/296/article/855567/summary",
        "snippet": "… textes théoriques que ce soitsousforme de manifeste ou de … fête du trône célébrant l'accessionde Hassan II au pouvoir ou … Tunisie ou la place HarunalRachidà Bagdad ou la Ataba …",
        "source": {
          "authors": "O Fertat - Expressions maghrébines, 2022",
          "journal_venue": "muse.jhu.edu"
        }
      }
    ],
    "es": [
      {
        "title": "'Abid al-Bukhari:¿ Esclavos “subsaharianos” o una élite “negra” en el Marruecos deMoulayIsmail (1672-1727)?",
        "url": "https://search.proquest.com/openview/d97ae29e92bf5e09536573348e627607/1?pq-origsite=gscholar&cbl=2026366&diss=y",
        "snippet": "… de los Abid al-Bukharibajoel sultanato deMoulayIsmail (1672-… por el SultánMoulayIsmailacumuló unpodertremendo.” (El-… supuesta expedición deMoulayal-Rachid, predecesor de …",
        "source": {
          "authors": "P Calderón",
          "journal_venue": "2023"
        }
      }
    ]
  }
}