{
  "event": "صراعات مغراوة وزناتة",
  "date": {
    "milady": {
      "start": 980,
      "end": 1040
    },
    "hijry": {
      "start": 369,
      "end": 432,
      "approx": true
    }
  },
  "results": {
    "en": [
      {
        "title": "Trading through Islam: the interconnections of Sijilmasa, Ghana and the Almoravid movement",
        "url": "https://www.tandfonline.com/doi/pdf/10.1080/13629380108718420",
        "snippet": "… In the meantime, the MaghrawiZenatarecaptured Sijilmasa and wiped out the small … rigorappealed to Sijilmasians then ruled over by theMaghrawa, who left no known spiritual mark. …",
        "source": {
          "authors": "J Miller - The Journal of North African Studies, 2001",
          "journal_venue": "Taylor & Francis"
        }
      },
      {
        "title": "Khazrunid Gold Coins (367-445H/977-1053AD): A New Classification Using an Unpublished Collection",
        "url": "https://ince.journals.ekb.eg/article_215794.html",
        "snippet": "… Wanudin and members ofMaghrawatribes were exterminated when the Al-Moravidsconquered … We can summarize theproblemswith the Khazrunid coins in the following points: …",
        "source": {
          "authors": "فتحي, نيرة - مجلة مرکز المسکوکات الإسلامية-مصر, 2021‎",
          "journal_venue": "ince.journals.ekb.eg"
        }
      },
      {
        "title": "Sustained past and risky present: The Tafilalt Oasis of southeastern Morocco",
        "url": "https://api.taylorfrancis.com/content/chapters/edit/download?identifierName=doi&identifierValue=10.4324/9780429313219-4&type=chapterpdf",
        "snippet": "… Following a period of occupation by the Shi'ite Fatimids of Tunis in the mid-900s, localZenataBerbers known as theMaghrawatook control of Sijilmassa in the 970s and expanded the …",
        "source": {
          "authors": "JA Miller - The North African environment at risk, 2019",
          "journal_venue": "api.taylorfrancis.com"
        }
      },
      {
        "title": "The Muslim invasion of Spain",
        "url": "https://www.jstor.org/stable/48577858",
        "snippet": "… Hoping that the intermittentconflictsbetween the Visigothic clans could be put on hold in …Almost immediately, aconflictarose between the Arab leader and his subordinate Berber …",
        "source": {
          "authors": "A Raul - Medieval Warfare, 2011",
          "journal_venue": "JSTOR"
        }
      },
      {
        "title": "Consolidating Authority in Seventeenth-Century Morocco: Sultan Moulay Ismail's strategies for legitimacy",
        "url": "https://www.taylorfrancis.com/chapters/edit/10.4324/9781351035149-12/consolidating-authority-seventeenth-century-morocco-fatima-rhorchi",
        "snippet": "… of the thorniestproblemsin Moroccan history represented by theconflictbetween Islamic/…, and Lamtuna on one side, and theMaghrawaandZenataon the other. Hence the vitality of …",
        "source": {
          "authors": "F Rhorchi - Dynastic Change, 2019",
          "journal_venue": "taylorfrancis.com"
        }
      },
      {
        "title": "Court Jews and their role as dhimmis and influential agents of Moroccan sultans",
        "url": "https://www.taylorfrancis.com/chapters/edit/10.4324/9781003023906-7/court-jews-role-dhimmis-influential-agents-moroccan-sultans-fatima-rhorchi",
        "snippet": "… 15 TheZenataare a tribal confederation in the district of the central Atlas. Ibn Khaldun reportsthat theZenatawere divided into the three large tribes Jarawa,Maghrawa, and Banu Ifran …",
        "source": {
          "authors": "F Rhorchi - Significant Others, 2021",
          "journal_venue": "taylorfrancis.com"
        }
      },
      {
        "title": "Morocco: a case study in the structural basis of social integration",
        "url": "https://open.bu.edu/handle/2144/29137",
        "snippet": "… tionalproblems, ie society-buildingproblemsin the coun- … During the same century theZenatahad spread over two-thirds … Ifren and theMaghrawatribes in the tentl;r century; and the B …",
        "source": {
          "authors": "EC Hagopian",
          "journal_venue": "1962"
        }
      },
      {
        "title": "Prehistory and ancient history",
        "url": "https://scientiaen.com/Algeria",
        "snippet": "Around~ 1.8-million-year-old stone artifacts from Ain Hanech (Algeria) were considered torepresent the oldest archaeological materials in North Africa.[40] Stone artifacts and cut-…",
        "source": {
          "authors": "P Minister, F Algeria - Religion, 2012",
          "journal_venue": "scientiaen.com"
        }
      },
      {
        "title": "The Influence of Various Ethnic Groups on the Formation of the Military Organisation in the Umayyad State in al-Andalus",
        "url": "https://dergipark.org.tr/en/pub/dergiabant/issue/88271/1502072",
        "snippet": "… The Tujibis, who were engaged in numerous militaryconflictswith Christians in northern al…From the early periods, the Banū Wansus and Banū Hali from theZenatatribe were among …",
        "source": {
          "authors": "YE Koşdaş, N Gümüş - Dergiabant, 2013",
          "journal_venue": "dergipark.org.tr"
        }
      },
      {
        "title": "DYNASTIC CHANGE",
        "url": "https://api.taylorfrancis.com/content/books/mono/download?identifierName=doi&identifierValue=10.4324/9781351035149&type=googlepdf",
        "snippet": "… focus on the kingdoms of Portugal, Castile, and Aragon, which, each in their way, struggledto determine the relationship between a warrior kingship developed in this region ofconflict, …",
        "source": {
          "authors": "AMSA Rodrigues, MS Silva,J Spangler- api.taylorfrancis.com",
          "journal_venue": null
        }
      },
      {
        "title": "The spread and the domination of the Maliki school of law in North and West Africa, eighth-fourteenth century",
        "url": "https://search.proquest.com/openview/02bdbfc4b96b77a1e4117d301c86792a/1?pq-origsite=gscholar&cbl=18750&diss=y",
        "snippet": "While it is a well known fact that North and West Africa has been dominated for centuries bythe Maliki school of law, it is not equally known how and why this domination came about. …",
        "source": {
          "authors": "MH Mansour",
          "journal_venue": "1981"
        }
      },
      {
        "title": "Repertoires of Identities: Language, Intersectionality and Memory in Tunisia (1881-Present)",
        "url": "https://repository.arizona.edu/handle/10150/633222",
        "snippet": "The aim of this dissertation is to elucidate the links between identity, performative acts, socialrepresentations and memories by exploring linguistic and symbolic processes involved in …",
        "source": {
          "authors": "K Rahmouni",
          "journal_venue": "2019"
        }
      },
      {
        "title": "Political economy and settlement systems of medieval northern Morocco: An archaeological-historical approach",
        "url": "https://search.proquest.com/openview/a6f91358c852dfe5277a595439c60d5e/1?pq-origsite=gscholar&cbl=18750&diss=y",
        "snippet": "INFORMATION TO USERS Page 1 INFORMATION TO USERS This manuscript has beenreproduced from the microfilm master. UMI films the text directly from the original or copy …",
        "source": {
          "authors": "S Ennahid",
          "journal_venue": "2001"
        }
      },
      {
        "title": "Morocco: from protectorate to independence, 1912-1956",
        "url": "https://search.proquest.com/openview/b90134cca8f9952a9c3f1561f0560702/1?pq-origsite=gscholar&cbl=18750&diss=y",
        "snippet": "… the Arab Worldproblemsof underdevelopment, socialproblems, and econo micproblemsof the … 19 until the uprising of \"tileMaghrawaBerbers in 988. Shorn of much of its power, the …",
        "source": {
          "authors": "R Kabbani",
          "journal_venue": "1957"
        }
      },
      {
        "title": "History of Morocco",
        "url": "https://justapedia.org/wiki/Sajalmasah",
        "snippet": "… theMaghrawaBerbers, former clients of the Cordoban caliphate. [11] Under theMaghrawa,… Amid the fall of the Almohad dynasty to theZenataBerber confederation under the Marinid, …",
        "source": {
          "authors": "S within Morocco, A Berber - World, 1996",
          "journal_venue": "justapedia.org"
        }
      },
      {
        "title": "Housing the urban poor of Taza, Morocco, and the impact of the relocation process",
        "url": "https://search.proquest.com/openview/fc18b1deac11bb81e402d070e05e6288/1?pq-origsite=gscholar&cbl=18750&diss=y",
        "snippet": "… Moreover, in the region of Taza, they are two tribes which bear the nameMaghrawaand …88 (in Arabic), there was a tax exemption forZenatatribes by the Marinids which explains …",
        "source": {
          "authors": "TA Agoumy",
          "journal_venue": "1994"
        }
      }
    ],
    "ar": [],
    "fr": [
      {
        "title": "La lumière dynastique vient encore de l'est?",
        "url": "https://shs.cairn.info/article/DEC_MEYNI_2010_02_0035/pdf",
        "snippet": "… la rivalité entre Berbères sanhaja etzenata. Aux premiers, … et les autres alternentrapprochements etconflitsau gré de la … Zîrî meurt en 971 dans une bataille contre desMaghrawa. …",
        "source": {
          "authors": "L Fatimides",
          "journal_venue": "shs.cairn.info"
        }
      },
      {
        "title": "2. Une relève chiite? Des Fatimides à leurs remplaçants maghrébins (Xe-XIe siècle)",
        "url": "https://shs.cairn.info/article/DEC_MEYNI_2010_02_0035?tab=texte-integral",
        "snippet": "… la rivalité entre Berbères sanhaja etzenata. Aux premiers, … et les autres alternentrapprochements etconflitsau gré de la … 15Zîrî meurt en 971 dans une bataille contre des …",
        "source": {
          "authors": "G Meynier - Hors collection Sciences Humaines, 2010",
          "journal_venue": "shs.cairn.info"
        }
      },
      {
        "title": "Généalogies et géographies tribales",
        "url": "https://cvc.cervantes.es/literatura/alirfan/pdf/alirfan5/alirfan_5_09.pdf",
        "snippet": "… La géographie desconflitsmontre en effet des déplacements … Lesconflitsdes Byzantinset des tribus libyennes illustrent … Mais dans la même généalogie desZenata, on observe des …",
        "source": {
          "authors": "G Lazarev",
          "journal_venue": "cvc.cervantes.es"
        }
      },
      {
        "title": "Quelques hypothèses sur les dynamiques de peuplement du Rif occidental",
        "url": "https://revues.imist.ma/index.php/CE/article/download/4699/3333",
        "snippet": "… , dans leur opposition auxZenata. Les géographes du XIe au … LesMaghrawa, les Mtalsaont laissé leur nom à des douars … ainsi désignée lors du longconflitqui opposa les Zirides et …",
        "source": {
          "authors": "G Lazarev - Critique économique, 2013",
          "journal_venue": "revues.imist.ma"
        }
      },
      {
        "title": "Regards sur la montagne rifaine occidentale",
        "url": "https://revues.imist.ma/index.php/TIDIGHIN/article/download/52462/27205",
        "snippet": "… se réfèrent à des populations migrantesZénata, Beni Bu Yahi, etc… Ifren, que suivirent lesMaghrawa, les Meknasa disparurent de la … Je la voyais renaître dans unconflitdes années 50. …",
        "source": {
          "authors": "G Lazarev - Revue\" TIDIGHIN\" des Recherches Amazighes et …, 2021",
          "journal_venue": "revues.imist.ma"
        }
      },
      {
        "title": "Migrations et évolution de deux qsur du Gourara: At Sâid et Timimoun",
        "url": "https://shs.cairn.info/article/EDB_010_0139",
        "snippet": "… Ce terme deZenataqui n’apparaît qu’avec les écrits en … Maghreb, avec lesconflitsintercommunautaires qui en résultent … Peut-on tenter un rapprochement entre Maghra et …",
        "source": {
          "authors": "R Bellil - Études et documents berbères, 1993",
          "journal_venue": "shs.cairn.info"
        }
      },
      {
        "title": "LES SANHAJA DU MAGHREB AL AQSA",
        "url": "https://www.academia.edu/download/113480803/SANHAJA_MAGHREB_al_AQSA_relecture_corrigee.pdf",
        "snippet": "… (celle des Banou Midrar de Sigilmasa et celle des Banou l’Afiya de la Moulouya et de Taza,puis avec celles des Beni Ifren qui occupèrent le Tadla et Salé et celles desMaghrawaqui …",
        "source": {
          "authors": "G Lazarev",
          "journal_venue": "2024"
        }
      },
      {
        "title": "L'eau, la terre, les hommes: Passé et présent des oasis occidentales (Algérie)-Edition augmentée",
        "url": "https://www.torrossa.com/it/resources/an/5110367",
        "snippet": "… indicateur révèle comme tant d’autres, que, contrairement à une historiographie traditionnelleinspirée presque exclusivement par la chronique militaire, et la succession desconflitsen …",
        "source": {
          "authors": "N Marouf",
          "journal_venue": "2010"
        }
      },
      {
        "title": "Les dons de la mer: Beni Haoua: de la tribu à la cité",
        "url": "https://www.torrossa.com/it/resources/an/5111775",
        "snippet": "… L'origine duconflitremonte à loin: La coexistence de deux puissances dans un bassin aussiexigu que la mer Méditerranée peut être à l'origine d'un bon nombre deconflits. Seuls des …",
        "source": {
          "authors": "D Belhai",
          "journal_venue": "2006"
        }
      }
    ],
    "es": []
  }
}