[
  {
    "date": {
      "milady": {
        "start": -500,
        "end": 700
      },
      "hijry": {
        "start": 1,
        "end": 80,
        "approx": true,
        "note": "Period starts before Hijra (622 AD)"
      }
    },
    "main_title": "فترة ما قبل الإسلام والعصور القديمة",
    "events": [
      {
        "date": {
          "milady": {
            "start": null,
            "end": null
          },
          "hijry": {
            "start": null,
            "end": null,
            "approx": true,
            "note": "Date not specified in original data"
          }
        },
        "name": "مواجهات فينيقية-أمازيغية",
        "en": "Phoenician-Berber confrontations",
        "ar": "مواجهات فينيقية-أمازيغية",
        "fr": "Confrontations phéniciennes-berbères",
        "es": "Confrontaciones fenicio-beréberes"
      },
      {
        "date": {
          "milady": {
            "start": 40,
            "end": 44
          },
          "hijry": {
            "start": null,
            "end": null,
            "approx": true,
            "note": "Before Hijra (622 AD)"
          }
        },
        "name": "الغزو الروماني لموريتانيا",
        "en": "Roman invasion of Mauretania",
        "ar": "الغزو الروماني لموريتانيا",
        "fr": "Invasion romaine de la Maurétanie",
        "es": "Invasión romana de Mauritania"
      },
      {
        "date": {
          "milady": {
            "start": 429,
            "end": 534
          },
          "hijry": {
            "start": null,
            "end": null,
            "approx": true,
            "note": "Before Hijra (622 AD)"
          }
        },
        "name": "غزوات الوندال",
        "en": "Vandal invasions",
        "ar": "غزوات الوندال",
        "fr": "Invasions vandales",
        "es": "Invasiones vándalas"
      },
      {
        "date": {
          "milady": {
            "start": 533,
            "end": 550
          },
          "hijry": {
            "start": null,
            "end": null,
            "approx": true,
            "note": "Before Hijra (622 AD)"
          }
        },
        "name": "إعادة الفتح البيزنطي",
        "en": "Byzantine reconquest",
        "ar": "إعادة الفتح البيزنطي",
        "fr": "Reconquête byzantine",
        "es": "Reconquista bizantina"
      },
      {
        "date": {
          "milady": {
            "start": 670,
            "end": 700
          },
          "hijry": {
            "start": 50,
            "end": 80,
            "approx": true
          }
        },
        "name": "بداية الفتوحات العربية",
        "en": "Beginning of Arab conquests",
        "ar": "بداية الفتوحات العربية",
        "fr": "Début des conquêtes arabes",
        "es": "Inicio de las conquistas árabes"
      }
    ]
  },
  {
    "date": {
      "milady": {
        "start": 700,
        "end": 1053
      },
      "hijry": {
        "start": 80,
        "end": 445,
        "approx": true
      }
    },
    "main_title": "الفتح الإسلامي والسلالات المبكرة",
    "events": [
      {
        "date": {
          "milady": {
            "start": 700,
            "end": 740
          },
          "hijry": {
            "start": 80,
            "end": 122,
            "approx": true
          }
        },
        "name": "الفتح الأموي للمغرب",
        "en": "Umayyad conquest of Morocco",
        "ar": "الفتح الأموي للمغرب",
        "fr": "Conquête omeyyade du Maroc",
        "es": "Conquista omeya de Marruecos"
      },
      {
        "date": {
          "milady": {
            "start": 683,
            "end": 710
          },
          "hijry": {
            "start": 62,
            "end": 90,
            "approx": true
          }
        },
        "name": "الفتح الإسلامي للمغرب",
        "en": "Islamic conquest of Morocco",
        "ar": "الفتح الإسلامي للمغرب",
        "fr": "Conquête islamique du Maroc",
        "es": "Conquista islámica de Marruecos"
      },
      {
        "date": {
          "milady": {
            "start": 740,
            "end": 743
          },
          "hijry": {
            "start": 122,
            "end": 125,
            "approx": true
          }
        },
        "name": "ثورات الأمازيغ",
        "en": "Berber revolts",
        "ar": "ثورات الأمازيغ",
        "fr": "Révoltes berbères",
        "es": "Revuelta bereber"
      },
      {
        "date": {
          "milady": {
            "start": 789,
            "end": 974
          },
          "hijry": {
            "start": 172,
            "end": 363,
            "approx": true
          }
        },
        "name": "تأسيس الدولة الإدريسية",
        "en": "Founding of the Idrisid state",
        "ar": "تأسيس الدولة الإدريسية",
        "fr": "Fondation de l'État idrisside",
        "es": "Fundación del Estado idrísida"
      },
      {
        "date": {
          "milady": {
            "start": 901,
            "end": 1000
          },
          "hijry": {
            "start": 288,
            "end": 390,
            "approx": true
          }
        },
        "name": "صراعات الفاطميين والأمويين على المغرب",
        "en": "Fatimid-Umayyad conflicts over Morocco",
        "ar": "صراعات الفاطميين والأمويين على المغرب",
        "fr": "Conflits fatimides et omeyyades au Maroc",
        "es": "Conflictos fatimíes-omeyas sobre Marruecos"
      },
      {
        "date": {
          "milady": {
            "start": 980,
            "end": 1040
          },
          "hijry": {
            "start": 369,
            "end": 432,
            "approx": true
          }
        },
        "name": "صراعات مغراوة وزناتة",
        "en": "Conflicts of Maghrawa and Zenata",
        "ar": "صراعات مغراوة وزناتة",
        "fr": "Conflits Maghrawa et Zenata",
        "es": "Conflictos entre Magrawa y Zenata"
      }
    ]
  },
  {
    "date": {
      "milady": {
        "start": 1053,
        "end": 1269
      },
      "hijry": {
        "start": 445,
        "end": 667,
        "approx": true
      }
    },
    "main_title": "عصر الإمبراطوريات الأمازيغية",
    "sub_periods": [
      {
        "date": {
          "milady": {
            "start": 1040,
            "end": 1147
          },
          "hijry": {
            "start": 432,
            "end": 541,
            "approx": true
          }
        },
        "subtitle": "المرابطون",
        "events": [
          {
            "date": {
              "milady": {
                "start": 1053,
                "end": 1147
              },
              "hijry": {
                "start": 445,
                "end": 541,
                "approx": true
              }
            },
            "name": "صعود المرابطين وفتح المغرب",
            "en": "Rise and conquest of Morocco",
            "ar": "صعود المرابطين وفتح المغرب",
            "fr": "Ascension des Almoravides et conquête du Maroc",
            "es": "Ascenso de los Almorávides y conquista de Marruecos"
          },
          {
            "date": {
              "milady": {
                "start": 1076,
                "end": 1076
              },
              "hijry": {
                "start": 468,
                "end": 468,
                "approx": true
              }
            },
            "name": "فتح المرابطين لإمبراطورية غانا",
            "en": "Conquest of the Ghana Empire",
            "ar": "فتح المرابطين لإمبراطورية غانا",
            "fr": "Conquête de l'Empire du Ghana",
            "es": "Conquista del Imperio del Ghana"
          },
          {
            "date": {
              "milady": {
                "start": 1086,
                "end": 1147
              },
              "hijry": {
                "start": 478,
                "end": 541,
                "approx": true
              }
            },
            "name": "تدخل المرابطين في الأندلس",
            "en": "Intervention in Al-Andalus",
            "ar": "تدخل المرابطين في الأندلس",
            "fr": "Intervention en Andalusie",
            "es": "Intervención en Al-Ándalus"
          },
          {
            "date": {
              "milady": {
                "start": 1086,
                "end": 1086
              },
              "hijry": {
                "start": 478,
                "end": 478,
                "approx": true
              }
            },
            "name": "معركة الزلاقة ضد قشتالة",
            "en": "Battle of Zallaqa against Castile",
            "ar": "معركة الزلاقة ضد قشتالة",
            "fr": "Bataille de Zallaqa contre la Castille",
            "es": "Bataille de Zallaqa contre la Castille"
          }
        ]
      },
      {
        "date": {
          "milady": {
            "start": 1121,
            "end": 1269
          },
          "hijry": {
            "start": 515,
            "end": 667,
            "approx": true
          }
        },
        "subtitle": "الموحدون",
        "events": [
          {
            "date": {
              "milady": {
                "start": 1121,
                "end": 1147
              },
              "hijry": {
                "start": 515,
                "end": 541,
                "approx": true
              }
            },
            "name": "ثورة الموحدين ضد المرابطين",
            "en": "Almohad revolt against the Almoravids",
            "ar": "ثورة الموحدين ضد المرابطين",
            "fr": "Révolte contre les Almoravides",
            "es": "Revuelta contre les Almoravides"
          },
          {
            "date": {
              "milady": {
                "start": 1147,
                "end": 1160
              },
              "hijry": {
                "start": 541,
                "end": 555,
                "approx": true
              }
            },
            "name": "توحيد الموحدين للمغرب العربي",
            "en": "Unification of the Maghreb",
            "ar": "توحيد الموحدين للمغرب العربي",
            "fr": "Unification du Maghreb",
            "es": "Unificación del Magreb"
          },
          {
            "date": {
              "milady": {
                "start": 1147,
                "end": 1172
              },
              "hijry": {
                "start": 541,
                "end": 567,
                "approx": true
              }
            },
            "name": "فتح الموحدين للأندلس",
            "en": "Conquest of Al-Andalus",
            "ar": "فتح الموحدين للأندلس",
            "fr": "Conquête de l'Andalousie",
            "es": "Conquête de l'Andalousie"
          },
          {
            "date": {
              "milady": {
                "start": 1195,
                "end": 1195
              },
              "hijry": {
                "start": 591,
                "end": 591,
                "approx": true
              }
            },
            "name": "معركة الأرك، انتصار الموحدين",
            "en": "Battle of Alarcos, Almohad victory",
            "ar": "معركة الأرك، انتصار الموحدين",
            "fr": "Bataille d'Alarcos, victoire almohade",
            "es": "Bataille d'Alarcos, victoire almohade"
          },
          {
            "date": {
              "milady": {
                "start": 1212,
                "end": 1212
              },
              "hijry": {
                "start": 608,
                "end": 608,
                "approx": true
              }
            },
            "name": "هزيمة الموحدين في معركة العقاب",
            "en": "Defeat at Alcácer Quibir",
            "ar": "هزيمة الموحدين في معركة العقاب",
            "fr": "Défaite à Alcácer Quibir",
            "es": "Défaite à Alcácer Quibir"
          },
          {
            "date": {
              "milady": {
                "start": 1212,
                "end": 1269
              },
              "hijry": {
                "start": 608,
                "end": 667,
                "approx": true
              }
            },
            "name": "انحدار قوة الموحدين",
            "en": "Decline of Almohad power",
            "ar": "انحدار قوة الموحدين",
            "fr": "Déclin de la puissance almohade",
            "es": "Déclin du pouvoir almohade"
          }
        ]
      }
    ]
  },
  {
    "date": {
      "milady": {
        "start": 1269,
        "end": 1554
      },
      "hijry": {
        "start": 667,
        "end": 961,
        "approx": true
      }
    },
    "main_title": "فترة المغرب في العصور الوسطى",
    "events": [
      {
        "date": {
          "milady": {
            "start": 1244,
            "end": 1269
          },
          "hijry": {
            "start": 641,
            "end": 667,
            "approx": true
          }
        },
        "name": "صعود المرينيين إلى السلطة",
        "en": "Rise of the Marinids",
        "ar": "صعود المرينيين إلى السلطة",
        "fr": "L'ascension des Mérinides au pouvoir",
        "es": "Ascenso de los Merínidas al poder"
      },
      {
        "date": {
          "milady": {
            "start": 1290,
            "end": 1337
          },
          "hijry": {
            "start": 689,
            "end": 738,
            "approx": true
          }
        },
        "name": "حملات المرينيين ضد تلمسان",
        "en": "Marinid campaigns against Tlemcen",
        "ar": "حملات المرينيين ضد تلمسان",
        "fr": "Campagnes contre Tlemcen",
        "es": "Campañas de los Merínidas contra Tlemcen"
      },
      {
        "date": {
          "milady": {
            "start": 1275,
            "end": 1340
          },
          "hijry": {
            "start": 673,
            "end": 741,
            "approx": true
          }
        },
        "name": "تدخلات المرينيين في غرناطة",
        "en": "Marinid interventions in Granada",
        "ar": "تدخلات المرينيين في غرناطة",
        "fr": "Interventions à Grenade",
        "es": "Intervenciones en Granada"
      },
      {
        "date": {
          "milady": {
            "start": 1340,
            "end": 1340
          },
          "hijry": {
            "start": 741,
            "end": 741,
            "approx": true
          }
        },
        "name": "معركة نهر سالادو، هزيمة المرينيين",
        "en": "Battle of Río Salado, Marinid defeat",
        "ar": "معركة نهر سالادو، هزيمة المرينيين",
        "fr": "Bataille du fleuve Salado, défaite des Mérinides",
        "es": "Batalla del río Salado, derrota de los Merínidas"
      },
      {
        "date": {
          "milady": {
            "start": 1415,
            "end": 1415
          },
          "hijry": {
            "start": 818,
            "end": 818,
            "approx": true
          }
        },
        "name": "احتلال البرتغاليين لسبتة",
        "en": "Portuguese occupation of Ceuta",
        "ar": "احتلال البرتغاليين لسبتة",
        "fr": "Occupation portugaise de Céuta",
        "es": "Ocupación portuguesa de Ceuta"
      },
      {
        "date": {
          "milady": {
            "start": 1430,
            "end": 1480
          },
          "hijry": {
            "start": 833,
            "end": 885,
            "approx": true
          }
        },
        "name": "التوسع البرتغالي على طول الساحل الأطلسي",
        "en": "Portuguese expansion along the Atlantic coast",
        "ar": "التوسع البرتغالي على طول الساحل الأطلسي",
        "fr": "Expansion portugaise le long de la côte atlantique",
        "es": "Expansión portuguesa a lo largo de la costa atlántica"
      },
      {
        "date": {
          "milady": {
            "start": 1465,
            "end": 1472
          },
          "hijry": {
            "start": 869,
            "end": 877,
            "approx": true
          }
        },
        "name": "استيلاء الوطاسيين على السلطة من المرينيين",
        "en": "Wattasid takeover from the Marinids",
        "ar": "استيلاء الوطاسيين على السلطة من المرينيين",
        "fr": "Prise de pouvoir par les Wattassides",
        "es": "Toma de poder por los Wattásidas sobre los Merínidas"
      },
      {
        "date": {
          "milady": {
            "start": 1471,
            "end": 1471
          },
          "hijry": {
            "start": 876,
            "end": 876,
            "approx": true
          }
        },
        "name": "احتلال البرتغاليين لطنجة",
        "en": "Portuguese occupation of Tangier",
        "ar": "احتلال البرتغاليين لطنجة",
        "fr": "Occupation portugaise de Tanger",
        "es": "Ocupación portuguesa de Tánger"
      },
      {
        "date": {
          "milady": {
            "start": 1471,
            "end": 1471
          },
          "hijry": {
            "start": 876,
            "end": 876,
            "approx": true
          }
        },
        "name": "احتلال البرتغاليين لأصيلة",
        "en": "Portuguese occupation of Asilah",
        "ar": "احتلال البرتغاليين لأصيلة",
        "fr": "Occupation portugaise d'Asilah",
        "es": "Ocupación portuguesa de Asilah"
      },
      {
        "date": {
          "milady": {
            "start": 1578,
            "end": 1578
          },
          "hijry": {
            "start": 986,
            "end": 986,
            "approx": true
          }
        },
        "name": "معركة وادي المخازن القصر الكبير",
        "en": "Battle of Alcácer Quibir",
        "ar": "معركة وادي المخازن القصر الكبير",
        "fr": "Bataille d'Alcacer Quibir",
        "es": "Batalla de Alcácer Quibir"
      }
    ]
  },
  {
    "date": {
      "milady": {
        "start": 1554,
        "end": 1727
      },
      "hijry": {
        "start": 961,
        "end": 1139,
        "approx": true
      }
    },
    "main_title": "الفترة الحديثة المبكرة",
    "events": [
      {
        "date": {
          "milady": {
            "start": 1554,
            "end": 1603
          },
          "hijry": {
            "start": 961,
            "end": 1012,
            "approx": true
          }
        },
        "name": "فتح السعديين للمغرب",
        "en": "Saadian conquest of Morocco",
        "ar": "فتح السعديين للمغرب",
        "fr": "Conquête saadienne du Maroc",
        "es": "Conquista saadí de Marruecos"
      },
      {
        "date": {
          "milady": {
            "start": 1591,
            "end": 1591
          },
          "hijry": {
            "start": 999,
            "end": 999,
            "approx": true
          }
        },
        "name": "غزو أحمد المنصور لإمبراطورية سنغاي",
        "en": "Ahmad al-Mansur's conquest of the Songhai Empire",
        "ar": "غزو أحمد المنصور لإمبراطورية سنغاي",
        "fr": "Conquête de l'Empire Songhaï par Ahmad al-Mansur",
        "es": "Conquista del Imperio Songhai por Ahmad al-Mansur"
      },
      {
        "date": {
          "milady": {
            "start": 1554,
            "end": 1603
          },
          "hijry": {
            "start": 961,
            "end": 1012,
            "approx": true
          }
        },
        "name": "توترات عثمانية-سعدية",
        "en": "Saadian-Ottoman tensions",
        "ar": "توترات عثمانية-سعدية",
        "fr": "Tensions ottomanes-saadiennes",
        "es": "Tensiones otomanas-saadianas"
      },
      {
        "date": {
          "milady": {
            "start": 1603,
            "end": 1627
          },
          "hijry": {
            "start": 1012,
            "end": 1037,
            "approx": true
          }
        },
        "name": "الحرب الأهلية السعدية",
        "en": "Saadian civil war",
        "ar": "الحرب الأهلية السعدية",
        "fr": "Guerre civile saadienne",
        "es": "Guerra civil saadí"
      },
      {
        "date": {
          "milady": {
            "start": 1638,
            "end": 1660
          },
          "hijry": {
            "start": 1048,
            "end": 1071,
            "approx": true
          }
        },
        "name": "ثورة زاوية الدلاء",
        "en": "Dila'iyya revolt",
        "ar": "ثورة زاوية الدلاء",
        "fr": "Révolte de la zaouïa des Dlaa",
        "es": "Rebelión de la zaouïa de Dalaa"
      },
      {
        "date": {
          "milady": {
            "start": 1666,
            "end": 1672
          },
          "hijry": {
            "start": 1077,
            "end": 1083,
            "approx": true
          }
        },
        "name": "استيلاء العلويين على السلطة بقيادة مولاي الرشيد",
        "en": "Rise of the Alawites under Moulay al-Rachid",
        "ar": "استيلاء العلويين على السلطة بقيادة مولاي الرشيد",
        "fr": "Accession des Alaouites sous Moulay al-Rachid",
        "es": "Ascenso de los Alaouites al poder bajo Moulay al-Rachid"
      },
      {
        "date": {
          "milady": {
            "start": 1672,
            "end": 1727
          },
          "hijry": {
            "start": 1083,
            "end": 1139,
            "approx": true
          }
        },
        "name": "حملات التوحيد لمولاي إسماعيل",
        "en": "Unification campaigns by Moulay Ismaïl",
        "ar": "حملات التوحيد لمولاي إسماعيل",
        "fr": "Campagnes d'unification de Moulay Ismaïl",
        "es": "Campañas de unificación de Moulay Ismaïl"
      },
      {
        "date": {
          "milady": {
            "start": 1680,
            "end": 1720
          },
          "hijry": {
            "start": 1091,
            "end": 1132,
            "approx": true
          }
        },
        "name": "حصار المدن الإسبانية",
        "en": "Siege of Spanish cities",
        "ar": "حصار المدن الإسبانية",
        "fr": "Siège des villes espagnoles",
        "es": "Sitio de ciudades españolas"
      },
      {
        "date": {
          "milady": {
            "start": 1684,
            "end": 1684
          },
          "hijry": {
            "start": 1095,
            "end": 1095,
            "approx": true
          }
        },
        "name": "طرد البريطانيين من طنجة",
        "en": "Expulsion of the British from Tangier",
        "ar": "طرد البريطانيين من طنجة",
        "fr": "Expulsion des Britanniques de Tanger",
        "es": "Expulsión de los británicos de Tánger"
      }
    ]
  },
  {
    "date": {
      "milady": {
        "start": 1727,
        "end": 1912
      },
      "hijry": {
        "start": 1139,
        "end": 1330,
        "approx": true
      }
    },
    "main_title": "فترة التغلغل الأوروبي",
    "events": [
      {
        "date": {
          "milady": {
            "start": 1727,
            "end": 1757
          },
          "hijry": {
            "start": 1139,
            "end": 1170,
            "approx": true
          }
        },
        "name": "صراعات سلالية بعد وفاة إسماعيل",
        "en": "Dynastic conflicts after Ismaïl's death",
        "ar": "صراعات سلالية بعد وفاة إسماعيل",
        "fr": "Conflits dynastiques après Ismaïl",
        "es": "Conflictos dinásticos tras la muerte de Ismaïl"
      },
      {
        "date": {
          "milady": {
            "start": 1757,
            "end": 1757
          },
          "hijry": {
            "start": 1170,
            "end": 1170,
            "approx": true
          }
        },
        "name": "تجدد حصار مليلية",
        "en": "Renewed siege of Melilla",
        "ar": "تجدد حصار مليلية",
        "fr": "Renouvellement du siège de Melilla",
        "es": "Nuevo asedio de Melilla"
      },
      {
        "date": {
          "milady": {
            "start": 1769,
            "end": 1769
          },
          "hijry": {
            "start": 1183,
            "end": 1183,
            "approx": true
          }
        },
        "name": "حصار مازاغان",
        "en": "Siege of Mazagan",
        "ar": "حصار مازاغان",
        "fr": "Siège de Mazagan",
        "es": "Asedio de Mazagán"
      },
      {
        "date": {
          "milady": {
            "start": 1774,
            "end": 1775
          },
          "hijry": {
            "start": 1188,
            "end": 1189,
            "approx": true
          }
        },
        "name": "حرب مع إسبانيا",
        "en": "War with Spain",
        "ar": "حرب مع إسبانيا",
        "fr": "Guerre avec l'Espagne",
        "es": "Guerra con España"
      },
      {
        "date": {
          "milady": {
            "start": 1784,
            "end": 1784
          },
          "hijry": {
            "start": 1198,
            "end": 1198,
            "approx": true
          }
        },
        "name": "الحرب الإنجليزية-المغربية",
        "en": "Anglo-Moroccan War",
        "ar": "الحرب الإنجليزية-المغربية",
        "fr": "Guerre anglo-marocaine",
        "es": "Guerra anglo-marroquí"
      },
      {
        "date": {
          "milady": {
            "start": 1801,
            "end": 1805
          },
          "hijry": {
            "start": 1216,
            "end": 1220,
            "approx": true
          }
        },
        "name": "حرب البربر الأولى مع الولايات المتحدة",
        "en": "First Barbary War with the United States",
        "ar": "حرب البربر الأولى مع الولايات المتحدة",
        "fr": "Première guerre barbaresque avec les États-Unis",
        "es": "Primera guerra berbera con Estados Unidos"
      },
      {
        "date": {
          "milady": {
            "start": 1801,
            "end": 1900
          },
          "hijry": {
            "start": 1216,
            "end": 1319,
            "approx": true
          }
        },
        "name": "ثورات قبلية",
        "en": "Tribal revolts throughout the 19th century",
        "ar": "ثورات قبلية طوال القرن التاسع عشر",
        "fr": "Révoltes tribales tout au long du XIXème siècle",
        "es": "Revuelta tribal a lo largo del siglo XIX"
      },
      {
        "date": {
          "milady": {
            "start": 1844,
            "end": 1844
          },
          "hijry": {
            "start": 1259,
            "end": 1259,
            "approx": true
          }
        },
        "name": "الحرب الفرنسية-المغربية، معركة إيسلي",
        "en": "Franco-Moroccan War, Battle of Isly",
        "ar": "الحرب الفرنسية-المغربية، معركة إيسلي",
        "fr": "Guerre franco-marocaine, bataille d'Isly",
        "es": "Guerra franco-marroquí, batalla de Isly"
      },
      {
        "date": {
          "milady": {
            "start": 1859,
            "end": 1860
          },
          "hijry": {
            "start": 1276,
            "end": 1277,
            "approx": true
          }
        },
        "name": "الحرب الإسبانية-المغربية حرب تطوان",
        "en": "Hispano-Moroccan War Tétouan War",
        "ar": "الحرب الإسبانية-المغربية حرب تطوان",
        "fr": "Guerre hispano-marocaine   guerre de Tétouan",
        "es": "Guerra hispano-marroquí   Guerra de Tetuán"
      },
      {
        "date": {
          "milady": {
            "start": 1893,
            "end": 1894
          },
          "hijry": {
            "start": 1311,
            "end": 1312,
            "approx": true
          }
        },
        "name": "حملة مليلية الأولى",
        "en": "First Melilla Campaign",
        "ar": "حملة مليلية الأولى",
        "fr": "Première campagne de Melilla",
        "es": "Primera campaña de Melilla"
      },
      {
        "date": {
          "milady": {
            "start": 1905,
            "end": 1906
          },
          "hijry": {
            "start": 1323,
            "end": 1324,
            "approx": true
          }
        },
        "name": "أزمة المغرب الأولى",
        "en": "First Moroccan Crisis",
        "ar": "أزمة المغرب الأولى",
        "fr": "Première crise du Maroc",
        "es": "Primera crisis de Marruecos"
      },
      {
        "date": {
          "milady": {
            "start": 1907,
            "end": 1908
          },
          "hijry": {
            "start": 1325,
            "end": 1326,
            "approx": true
          }
        },
        "name": "قصف الدار البيضاء والاحتلال الفرنسي",
        "en": "Casablanca bombardment and French occupation",
        "ar": "قصف الدار البيضاء والاحتلال الفرنسي",
        "fr": "Bombardement de Casablanca et occupation française",
        "es": "Bombardeo de Casablanca y ocupación francesa"
      },
      {
        "date": {
          "milady": {
            "start": 1911,
            "end": 1911
          },
          "hijry": {
            "start": 1329,
            "end": 1329,
            "approx": true
          }
        },
        "name": "أزمة المغرب الثانية أزمة أغادير",
        "en": "Second Moroccan Crisis Agadir Crisis",
        "ar": "أزمة المغرب الثانية أزمة أغادير",
        "fr": "Deuxième crise du Maroc   crise d'Agadir",
        "es": "Segunda crisis de Marruecos   Crisis de Agadir"
      },
      {
        "date": {
          "milady": {
            "start": 1912,
            "end": 1912
          },
          "hijry": {
            "start": 1330,
            "end": 1330,
            "approx": true
          }
        },
        "name": "معاهدة فاس المؤسسة للحماية",
        "en": "Treaty of Fez establishing the protectorate",
        "ar": "معاهدة فاس المؤسسة للحماية",
        "fr": "Traité de Fès instituant le protectorat",
        "es": "Tratado de Fez que estableció el protectorado"
      }
    ]
  },
  {
    "date": {
      "milady": {
        "start": 1912,
        "end": 1956
      },
      "hijry": {
        "start": 1330,
        "end": 1375,
        "approx": true
      }
    },
    "main_title": "فترة المقاومة الاستعمارية",
    "events": [
      {
        "date": {
          "milady": {
            "start": 1912,
            "end": 1920
          },
          "hijry": {
            "start": 1330,
            "end": 1339,
            "approx": true
          }
        },
        "name": "حملات المقاومة المبكرة",
        "en": "Early resistance campaigns",
        "ar": "حملات المقاومة المبكرة",
        "fr": "Premières campagnes de résistance",
        "es": "Campañas tempranas de resistencia"
      },
      {
        "date": {
          "milady": {
            "start": 1921,
            "end": 1926
          },
          "hijry": {
            "start": 1339,
            "end": 1344,
            "approx": true
          }
        },
        "name": "حرب الريف ثورة عبد الكريم الخطابي",
        "en": "Rif War Abdelkrim El Khattabi uprising",
        "ar": "حرب الريف ثورة عبد الكريم الخطابي",
        "fr": "Guerre du Rif   révolte d'Abdelkrim El Khattabi",
        "es": "Guerra del Rif   Rebelión de Abdelkrim El Khattabi"
      },
      {
        "date": {
          "milady": {
            "start": 1921,
            "end": 1921
          },
          "hijry": {
            "start": 1339,
            "end": 1339,
            "approx": true
          }
        },
        "name": "معركة أنوال، هزيمة إسبانيا",
        "en": "Battle of Annual, Spanish defeat",
        "ar": "معركة أنوال، هزيمة إسبانيا",
        "fr": "Bataille d'Anoual, défaite de l'Espagne",
        "es": "Batalla de Anoual, derrota de España"
      },
      {
        "date": {
          "milady": {
            "start": 1925,
            "end": 1926
          },
          "hijry": {
            "start": 1343,
            "end": 1344,
            "approx": true
          }
        },
        "name": "العمليات الفرنسية-الإسبانية المشتركة ضد الريف",
        "en": "Joint Franco-Spanish operations against the Rif",
        "ar": "العمليات الفرنسية-الإسبانية المشتركة ضد الريف",
        "fr": "Opérations franco-espagnoles conjointes contre le Rif",
        "es": "Operaciones franco-españolas contra el Rif"
      },
      {
        "date": {
          "milady": {
            "start": 1931,
            "end": 1940
          },
          "hijry": {
            "start": 1349,
            "end": 1359,
            "approx": true
          }
        },
        "name": "حركات المقاومة الحضرية",
        "en": "Urban resistance movements",
        "ar": "حركات المقاومة الحضرية",
        "fr": "Mouvements de résistance urbaine",
        "es": "Movimientos de resistencia urbana"
      },
      {
        "date": {
          "milady": {
            "start": 1930,
            "end": 1930
          },
          "hijry": {
            "start": 1348,
            "end": 1348,
            "approx": true
          }
        },
        "name": "مقاومة الظهير البربري",
        "en": "Berber Dahir protest",
        "ar": "مقاومة الظهير البربري",
        "fr": "Protestation du dahir berbère",
        "es": "Protesta del dahir bereber"
      },
      {
        "date": {
          "milady": {
            "start": 1944,
            "end": 1944
          },
          "hijry": {
            "start": 1363,
            "end": 1363,
            "approx": true
          }
        },
        "name": "تشكيل حزب الاستقلال والحملة الوطنية",
        "en": "Formation of the Istiqlal Party and national campaign",
        "ar": "تشكيل حزب الاستقلال والحملة الوطنية",
        "fr": "Formation du Parti de l'Istiqlal et campagne nationale",
        "es": "Formación del Partido de la Istiqlal y campaña nacional"
      },
      {
        "date": {
          "milady": {
            "start": 1953,
            "end": 1955
          },
          "hijry": {
            "start": 1372,
            "end": 1375,
            "approx": true
          }
        },
        "name": "نفي محمد الخامس والمقاومة",
        "en": "Exile of Mohammed V and ensuing resistance",
        "ar": "نفي محمد الخامس والمقاومة",
        "fr": "Exil de Mohammed V et résistance",
        "es": "Exilio de Mohammed V y resistencia"
      },
      {
        "date": {
          "milady": {
            "start": 1955,
            "end": 1956
          },
          "hijry": {
            "start": 1375,
            "end": 1375,
            "approx": true
          }
        },
        "name": "عمليات جيش التحرير",
        "en": "Liberation Army operations",
        "ar": "عمليات جيش التحرير",
        "fr": "Opérations de l'armée de libération",
        "es": "Operaciones del Ejército de Liberación"
      }
    ]
  },
  {
    "date": {
      "milady": {
        "start": 1956,
        "end": 1991
      },
      "hijry": {
        "start": 1375,
        "end": 1411,
        "approx": true
      }
    },
    "main_title": "صراعات ما بعد الاستقلال",
    "events": [
      {
        "date": {
          "milady": {
            "start": 1956,
            "end": 1963
          },
          "hijry": {
            "start": 1375,
            "end": 1383,
            "approx": true
          }
        },
        "name": "توترات حدودية مع الجزائر",
        "en": "Border tensions with Algeria",
        "ar": "توترات حدودية مع الجزائر",
        "fr": "Tensions frontalières avec l'Algérie",
        "es": "Tensiones fronterizas con Argelia"
      },
      {
        "date": {
          "milady": {
            "start": 1957,
            "end": 1958
          },
          "hijry": {
            "start": 1376,
            "end": 1377,
            "approx": true
          }
        },
        "name": "حرب إفني ضد إسبانيا",
        "en": "Ifni War with Spain",
        "ar": "حرب إفني ضد إسبانيا",
        "fr": "Guerre d'Ifni contre l'Espagne",
        "es": "Guerra de Ifni contra España"
      },
      {
        "date": {
          "milady": {
            "start": 1963,
            "end": 1963
          },
          "hijry": {
            "start": 1383,
            "end": 1383,
            "approx": true
          }
        },
        "name": "حرب الرمال مع الجزائر",
        "en": "Sand War with Algeria",
        "ar": "حرب الرمال مع الجزائر",
        "fr": "Guerre des Sables avec l'Algérie",
        "es": "Guerra de las arenas con Argelia"
      },
      {
        "date": {
          "milady": {
            "start": 1961,
            "end": 1970
          },
          "hijry": {
            "start": 1381,
            "end": 1390,
            "approx": true
          }
        },
        "name": "نزاعات ترسيم الحدود مع الجزائر",
        "en": "Border disputes with Algeria",
        "ar": "نزاعات ترسيم الحدود مع الجزائر",
        "fr": "Conflits de délimitation avec l'Algérie",
        "es": "Disputas sobre la delimitación fronteriza con Argelia"
      },
      {
        "date": {
          "milady": {
            "start": 1975,
            "end": 1975
          },
          "hijry": {
            "start": 1395,
            "end": 1395,
            "approx": true
          }
        },
        "name": "المسيرة الخضراء إلى الصحراء الغربية",
        "en": "Green March into Western Sahara",
        "ar": "المسيرة الخضراء إلى الصحراء الغربية",
        "fr": "Marche Verte vers le Sahara Occidental",
        "es": "La Marcha Verde hacia el Sáhara Occidental"
      },
      {
        "date": {
          "milady": {
            "start": 1975,
            "end": 1991
          },
          "hijry": {
            "start": 1395,
            "end": 1411,
            "approx": true
          }
        },
        "name": "حرب الصحراء الغربية ضد جبهة البوليساريو",
        "en": "Western Sahara War against the Polisario",
        "ar": "حرب الصحراء الغربية ضد جبهة البوليساريو",
        "fr": "Guerre du Sahara Occidental contre le Front Polisario",
        "es": "Guerra del Sáhara Occidental contra el Frente Polisario"
      },
      {
        "date": {
          "milady": {
            "start": 1980,
            "end": 1987
          },
          "hijry": {
            "start": 1400,
            "end": 1408,
            "approx": true
          }
        },
        "name": "بناء الجدران الدفاعية في الصحراء الغربية",
        "en": "Construction of defensive walls in Western Sahara",
        "ar": "بناء الجدران الدفاعية في الصحراء الغربية",
        "fr": "Construction de murs défensifs au Sahara Occidental",
        "es": "Construcción de muros defensivos en el Sáhara Occidental"
      },
      {
        "date": {
          "milady": {
            "start": 1975,
            "end": 1991
          },
          "hijry": {
            "start": 1395,
            "end": 1411,
            "approx": true
          }
        },
        "name": "عمليات ضد تمرد البوليساريو",
        "en": "Operations against Polisario insurgencies",
        "ar": "عمليات ضد تمرد البوليساريو",
        "fr": "Opérations contre les insurrections du Polisario",
        "es": "Operaciones contra insurrecciones del Polisario"
      },
      {
        "date": {
          "milady": {
            "start": 1991,
            "end": 1991
          },
          "hijry": {
            "start": 1411,
            "end": 1411,
            "approx": true
          }
        },
        "name": "اتفاق وقف إطلاق النار مع البوليساريو",
        "en": "Ceasefire agreement with the Polisario",
        "ar": "اتفاق وقف إطلاق النار مع البوليساريو",
        "fr": "Accord de cessez-le-feu avec le Polisario",
        "es": "Acuerdo de cese al fuego con el Polisario"
      }
    ]
  },
  {
    "date": {
      "milady": {
        "start": 1991,
        "end": 2025
      },
      "hijry": {
        "start": 1411,
        "end": 1446,
        "approx": true
      }
    },
    "main_title": "الفترة المعاصرة",
    "events": [
      {
        "date": {
          "milady": {
            "start": 1991,
            "end": 2025
          },
          "hijry": {
            "start": 1411,
            "end": 1446,
            "approx": true
          }
        },
        "name": "وقف إطلاق النار بمراقبة الأمم المتحدة",
        "en": "UN-monitored ceasefire",
        "ar": "وقف إطلاق النار بمراقبة الأمم المتحدة",
        "fr": "Cessez-le-feu sous surveillance de l'ONU",
        "es": "Cese al fuego bajo supervisión de la ONU"
      },
      {
        "date": {
          "milady": {
            "start": 1997,
            "end": 2003
          },
          "hijry": {
            "start": 1417,
            "end": 1424,
            "approx": true
          }
        },
        "name": "فشل خطط بيكر للسلام",
        "en": "Failure of Baker's Peace Plans",
        "ar": "فشل خطط بيكر للسلام",
        "fr": "Échec des plans de paix de Baker",
        "es": "Fracaso de los planes de paz de Baker"
      },
      {
        "date": {
          "milady": {
            "start": 2016,
            "end": 2020
          },
          "hijry": {
            "start": 1437,
            "end": 1442,
            "approx": true
          }
        },
        "name": "توترات دورية في معبر الكركرات",
        "en": "Periodic tensions at the Guerguerat crossing",
        "ar": "توترات دورية في معبر الكركرات",
        "fr": "Tensions périodiques au poste frontalier de Guerguerat",
        "es": "Tensiones periódicas en el cruce de Guerguerat"
      },
      {
        "date": {
          "milady": {
            "start": 2020,
            "end": 2020
          },
          "hijry": {
            "start": 1442,
            "end": 1442,
            "approx": true
          }
        },
        "name": "العمل العسكري لتأمين معبر الكركرات",
        "en": "Military action to secure the Guerguerat crossing",
        "ar": "العمل العسكري لتأمين معبر الكركرات",
        "fr": "Opération militaire pour sécuriser Guerguerat",
        "es": "Acción militar para asegurar el cruce de Guerguerat"
      },
      {
        "date": {
          "milady": {
            "start": 2020,
            "end": 2020
          },
          "hijry": {
            "start": 1442,
            "end": 1442,
            "approx": true
          }
        },
        "name": "اعتراف الولايات المتحدة بالسيادة المغربية على الصحراء الغربية",
        "en": "U.S. recognition of Moroccan sovereignty over Western Sahara",
        "ar": "اعتراف الولايات المتحدة بالسيادة المغربية على الصحراء الغربية",
        "fr": "Reconnaissance par les États-Unis de la souveraineté marocaine sur le Sahara Occidental",
        "es": "Reconocimiento por EE. UU. de la soberanía marroquí sobre el Sáhara Occidental"
      },
      {
        "date": {
          "milady": {
            "start": 2020,
            "end": 2025
          },
          "hijry": {
            "start": 1442,
            "end": 1446,
            "approx": true
          }
        },
        "name": "مناوشات دورية مع قوات البوليساريو",
        "en": "Occasional skirmishes with Polisario forces",
        "ar": "مناوشات دورية مع قوات البوليساريو",
        "fr": "Accrochages périodiques avec le Polisario",
        "es": "Enfrentamientos esporádicos con las fuerzas del Polisario"
      },
      {
        "date": {
          "milady": {
            "start": 2021,
            "end": 2021
          },
          "hijry": {
            "start": 1443,
            "end": 1443,
            "approx": true
          }
        },
        "name": "الجزائر تقطع العلاقات الدبلوماسية مع المغرب بسبب الصحراء الغربية",
        "en": "Algeria severs diplomatic relations with Morocco over Western Sahara",
        "ar": "الجزائر تقطع العلاقات الدبلوماسية مع المغرب بسبب الصحراء الغربية",
        "fr": "L'Algérie rompt ses relations diplomatiques avec le Maroc concernant le Sahara Occidental",
        "es": "Argelia rompe relaciones diplomáticas con Marruecos por el Sáhara Occidental"
      },
      {
        "date": {
          "milady": {
            "start": 2021,
            "end": 2021
          },
          "hijry": {
            "start": 1443,
            "end": 1443,
            "approx": true
          }
        },
        "name": "تعيين مبعوث أممي جديد للصحراء الغربية ستافان دي ميستورا",
        "en": "New UN envoy for Western Sahara appointed Staffan de Mistura",
        "ar": "تعيين مبعوث أممي جديد للصحراء الغربية ستافان دي ميستورا",
        "fr": "Nouvel envoyé de l'ONU pour le Sahara Occidental nommé Staffan de Mistura",
        "es": "Nuevo enviado de la ONU para el Sáhara Occidental nombrado Staffan de Mistura"
      },
      {
        "date": {
          "milady": {
            "start": 2022,
            "end": 2022
          },
          "hijry": {
            "start": 1443,
            "end": 1444,
            "approx": true
          }
        },
        "name": "إسبانيا تدعم خطة الحكم الذاتي المغربية للصحراء الغربية",
        "en": "Spain supports Morocco's autonomy plan for Western Sahara",
        "ar": "إسبانيا تدعم خطة الحكم الذاتي المغربية للصحراء الغربية",
        "fr": "L'Espagne soutient le plan d'autonomie du Maroc pour le Sahara Occidental",
        "es": "España apoya el plan de autonomía de Marruecos para el Sáhara Occidental"
      },
      {
        "date": {
          "milady": {
            "start": 2023,
            "end": 2023
          },
          "hijry": {
            "start": 1444,
            "end": 1445,
            "approx": true
          }
        },
        "name": "إسرائيل تعترف بسيادة المغرب على الصحراء الغربية",
        "en": "Israel recognizes Moroccan sovereignty over Western Sahara",
        "ar": "إسرائيل تعترف بسيادة المغرب على الصحراء الغربية",
        "fr": "Israël reconnaît la souveraineté marocaine sur le Sahara Occidental",
        "es": "Israel reconoce la soberanía marroquí sobre el Sáhara Occidental"
      },
      {
        "date": {
          "milady": {
            "start": 2024,
            "end": 2024
          },
          "hijry": {
            "start": 1445,
            "end": 1446,
            "approx": true
          }
        },
        "name": "فرنسا تدعم خطة الحكم الذاتي المغربية للصحراء الغربية",
        "en": "France supports Morocco's autonomy plan for Western Sahara",
        "ar": "فرنسا تدعم خطة الحكم الذاتي المغربية للصحراء الغربية",
        "fr": "La France soutient le plan d'autonomie du Maroc pour le Sahara Occidental",
        "es": "Francia apoya el plan de autonomía de Marruecos para el Sáhara Occidental"
      }
    ]
  }
]