{
  "event": "استيلاء العلويين على السلطة بقيادة مولاي الرشيد",
  "scraped_timestamp": "2025-04-30T12:43:18.191611",
  "results": {
    "en": [
      {
        "title": "Crossing the Strait from Morocco to the United States: the transnational gendering of the Atlantic World before 1830",
        "url": "https://rave.ohiolink.edu/etdc/view?acc_num=osu1142437763",
        "snippet": "… In the US, this resulted in the simultaneousriseof domesticity… of corsair attacks on shipssailingunderthe American flag. Dr. …Alawidynasty as Arab and not African, claiming thatMoulay…",
        "source": {
          "authors": "MR Robinson",
          "journal_venue": "2006"
        }
      },
      {
        "title": "Enluminures des manuscrits royaux au Maroc:(Bibliothèque al-Hassania)",
        "url": "https://books.google.com/books?hl=en&lr=&id=HzepO2Z_i4wC&oi=fnd&pg=PA63&dq=Rise+of+the+Alawites+under+Moulay+al-Rachid&ots=6jr5AIAoJY&sig=NLdm9fg_VYZWPAmJxfiUA1Xddso",
        "snippet": "… C'était du temps de Harounal-Rachid, calife raffiné et cultivé quoique sans pitié entouré de… bibliothèques à travers le royaume, comme le fera le prestigieux roiMoulayIsmail, qui a fait …",
        "source": {
          "authors": "M Sijelmassi",
          "journal_venue": "1987"
        }
      },
      {
        "title": "Sustainable diplomacy",
        "url": "https://link.springer.com/content/pdf/10.1057/9781403980977.pdf",
        "snippet": "… While one nation might livewithinthe means of its own … common locationwithinthe Earth’sbiosphere. Thus, power … strains of economic competition andrisingexpectations. These are …",
        "source": {
          "authors": "D Wellman",
          "journal_venue": "2004"
        }
      }
    ],
    "ar": [
      {
        "title": "المغرب الأقصى",
        "url": "https://books.google.com/books?hl=ar&lr=&id=YyB0EAAAQBAJ&oi=fnd&pg=PT3&dq=%D8%A7%D8%B3%D8%AA%D9%8A%D9%84%D8%A7%D8%A1+%D8%A7%D9%84%D8%B9%D9%84%D9%88%D9%8A%D9%8A%D9%86+%D8%B9%D9%84%D9%89+%D8%A7%D9%84%D8%B3%D9%84%D8%B7%D8%A9+%D8%A8%D9%82%D9%8A%D8%A7%D8%AF%D8%A9+%D9%85%D9%88%D9%84%D8%A7%D9%8A+%D8%A7%D9%84%D8%B1%D8%B4%D9%8A%D8%AF&ots=cT3O8_8Lei&sig=j0AAeIsdQo4_S-hKq_p5eNWuQaI",
        "snippet": "… والعلويون من أشراف الحجاز، رحلوا من ينبع إلى المغرب في القرن الخامس عشر، وأقاموا في الجنوبفي واحة تفيلات إلى أن نهضالرشيدأخومولايإسماعيل، فأسس الدولةالعلويةعلىأنقاض الدولة …",
        "source": {
          "authors": "أمين الريحاني",
          "journal_venue": "2022 -books.google.com‏"
        }
      },
      {
        "title": "Ṣafwat al-ʻaṣr fī tārīkh wa-rusūm mashāhīr rijāl Miṣr‏",
        "url": "https://books.google.com/books?hl=ar&lr=&id=sgi72ANXLC0C&oi=fnd&pg=PA1&dq=%D8%A7%D8%B3%D8%AA%D9%8A%D9%84%D8%A7%D8%A1+%D8%A7%D9%84%D8%B9%D9%84%D9%88%D9%8A%D9%8A%D9%86+%D8%B9%D9%84%D9%89+%D8%A7%D9%84%D8%B3%D9%84%D8%B7%D8%A9+%D8%A8%D9%82%D9%8A%D8%A7%D8%AF%D8%A9+%D9%85%D9%88%D9%84%D8%A7%D9%8A+%D8%A7%D9%84%D8%B1%D8%B4%D9%8A%D8%AF&ots=iQ00h9FnAJ&sig=A1FIQYBjV3FbU2Qaypzxu0iRjso",
        "snippet": "… وقبل صدور الامر بالدستور رأى من الحكمة ان يضع جلالته قانوناً خاصاً بتوارث العرش وقانوناًخاصاً أيضاً بامراء الاسرة المحمديةالعلويةوفعلا وضعهماعلىمبدأ العدل والحرية . ثم رأى من مفاخر حكمه …",
        "source": {
          "authors": "Z Fahmī",
          "journal_venue": "1926‏ -books.google.com‏"
        }
      },
      {
        "title": "صفوة العصرفيتاريخ ورسوم مشاهير رجال مصر",
        "url": "https://books.google.com/books?hl=ar&lr=&id=zTksEAAAQBAJ&oi=fnd&pg=PT6&dq=%D8%A7%D8%B3%D8%AA%D9%8A%D9%84%D8%A7%D8%A1+%D8%A7%D9%84%D8%B9%D9%84%D9%88%D9%8A%D9%8A%D9%86+%D8%B9%D9%84%D9%89+%D8%A7%D9%84%D8%B3%D9%84%D8%B7%D8%A9+%D8%A8%D9%82%D9%8A%D8%A7%D8%AF%D8%A9+%D9%85%D9%88%D9%84%D8%A7%D9%8A+%D8%A7%D9%84%D8%B1%D8%B4%D9%8A%D8%AF&ots=MQWEReEgsQ&sig=9j_pdIQHz5uYRnuuFDa7ZO4IJjI",
        "snippet": "… وقبل صدور الأمر بالدستور رأى من الحكمة أن يضع جلالته قانونا خاصا بتوارث العرش، وقانوناخاصا أيضًا بأمراء الأسرة المحمديةالعلويةوفعلا وضعهماعلىمبدأ العدل والحرية. ثم رأى من مفاخر حكمه …",
        "source": {
          "authors": "زكي فهمي",
          "journal_venue": "2021 -books.google.com‏"
        }
      },
      {
        "title": "جوانب من تاريخ وآثار مدينة بني ملال ومجال تادلا",
        "url": "https://journals.openedition.org/asinag/439",
        "snippet": "Tadla, vaste zone à laquelle est associée la ville de Béni Mellal, est mentionnée dans lesplus importantes sources historiques et géographiques relatives au Maroc. Ce territoire riche …‏",
        "source": {
          "authors": null,
          "journal_venue": "H Najji, I Badaoui - Asinag, 2020‏ -journals.openedition.org‏"
        }
      },
      {
        "title": "وقفة مع جورجي زيدان",
        "url": "https://books.google.com/books?hl=ar&lr=&id=S1g1DAAAQBAJ&oi=fnd&pg=PT3&dq=%D8%A7%D8%B3%D8%AA%D9%8A%D9%84%D8%A7%D8%A1+%D8%A7%D9%84%D8%B9%D9%84%D9%88%D9%8A%D9%8A%D9%86+%D8%B9%D9%84%D9%89+%D8%A7%D9%84%D8%B3%D9%84%D8%B7%D8%A9+%D8%A8%D9%82%D9%8A%D8%A7%D8%AF%D8%A9+%D9%85%D9%88%D9%84%D8%A7%D9%8A+%D8%A7%D9%84%D8%B1%D8%B4%D9%8A%D8%AF&ots=dVdZOzmCza&sig=JA0PNeFMDA95pbUhnbUXFnWopmg",
        "snippet": "… اختيار أسماء الأشخاص عناوين لها، وبخاصة أسماء المشاهير من شخوص التأريخ الإسلامي كالحجاجوالعباسة أختالرشيد، والأمين والمأمون، وعبد الرحمن الناصر، وأحمد بن طولون وغيرهم من الأشخاص الذين …",
        "source": {
          "authors": "عبدالرحمن العشماوي",
          "journal_venue": "2003 -books.google.com‏"
        }
      },
      {
        "title": "القاهرة (المدينة والذكريات)",
        "url": "https://books.google.com/books?hl=ar&lr=&id=Hz3ACQAAQBAJ&oi=fnd&pg=PA27&dq=%D8%A7%D8%B3%D8%AA%D9%8A%D9%84%D8%A7%D8%A1+%D8%A7%D9%84%D8%B9%D9%84%D9%88%D9%8A%D9%8A%D9%86+%D8%B9%D9%84%D9%89+%D8%A7%D9%84%D8%B3%D9%84%D8%B7%D8%A9+%D8%A8%D9%82%D9%8A%D8%A7%D8%AF%D8%A9+%D9%85%D9%88%D9%84%D8%A7%D9%8A+%D8%A7%D9%84%D8%B1%D8%B4%D9%8A%D8%AF&ots=Q7_c7R3soW&sig=HCwqu0GzwJnCyc4WwSh88nbZ2F8",
        "snippet": "…العلويةأسرة محمد علي باشا فسلط العمل الضوءعلىفترة حكم كل منهم بكل ما له من إيجابيات وماعليه من سلبيات، والجزء الثاني من الكتاب أظهر التركيب الاجتماعي لسكان القاهرة في تلك الفترة …",
        "source": {
          "authors": "رشا عدلي",
          "journal_venue": "2012 -books.google.com‏"
        }
      },
      {
        "title": "حلية البشرفيتاريخ القرن الثالث عشر",
        "url": "https://books.google.com/books?hl=ar&lr=&id=gHzbEAAAQBAJ&oi=fnd&pg=PT500&dq=%D8%A7%D8%B3%D8%AA%D9%8A%D9%84%D8%A7%D8%A1+%D8%A7%D9%84%D8%B9%D9%84%D9%88%D9%8A%D9%8A%D9%86+%D8%B9%D9%84%D9%89+%D8%A7%D9%84%D8%B3%D9%84%D8%B7%D8%A9+%D8%A8%D9%82%D9%8A%D8%A7%D8%AF%D8%A9+%D9%85%D9%88%D9%84%D8%A7%D9%8A+%D8%A7%D9%84%D8%B1%D8%B4%D9%8A%D8%AF&ots=-p099fKkvP&sig=7rbmKwi6IgAH8nV9xB-BQEs4BVA",
        "snippet": "… أقدم لجلال مقامك الرفيع الشان تحايا التعظيم والإجلال والثناء الفائق من لدنمولايخديوي مصرالمعظم مؤيداً ذلك بتقديم محرر سموه المنطويعلىخاص المودة، المتضمن تعييني وتعيين رفاقي …",
        "source": {
          "authors": "عبد الرزاق البيطار",
          "journal_venue": "1903 -books.google.com‏"
        }
      },
      {
        "title": "المذكرات",
        "url": "https://books.google.com/books?hl=ar&lr=&id=QobbEAAAQBAJ&oi=fnd&pg=PT8&dq=%D8%A7%D8%B3%D8%AA%D9%8A%D9%84%D8%A7%D8%A1+%D8%A7%D9%84%D8%B9%D9%84%D9%88%D9%8A%D9%8A%D9%86+%D8%B9%D9%84%D9%89+%D8%A7%D9%84%D8%B3%D9%84%D8%B7%D8%A9+%D8%A8%D9%82%D9%8A%D8%A7%D8%AF%D8%A9+%D9%85%D9%88%D9%84%D8%A7%D9%8A+%D8%A7%D9%84%D8%B1%D8%B4%D9%8A%D8%AF&ots=O1FQJ95iiZ&sig=I94HUbJWoKhtP1BxR6j5bnXP_7w",
        "snippet": "… ولطالما تألمت نفسي في مصر والشام ممن ينشئ نادياً أو جمعية أو يسميها بالكاثوليكي أو المارونيةأو الأرثوذكسية أو القبطية أو الإسلامية أوالعلويةأو اليهودية وكل ذلك تفرقات لا معنى لها في هذا …",
        "source": {
          "authors": null,
          "journal_venue": "محمد كردعلي- 1903 -books.google.com‏"
        }
      }
    ],
    "fr": [
      {
        "title": "Vivre ensemble: Conflit et cohabitation à Ceuta et Melilla",
        "url": "https://www.torrossa.com/gs/resourceProxy?an=4838358&publisher=FZ2990",
        "snippet": "… qui se succédèrent entre 1673 et 1727, lorsqueMoulayIsmail, frère du souverainMoulayAlRachid, fondateur de la dynastiealaouite, fut à la tête du royaume du Maroc85. Le règne de …",
        "source": {
          "authors": "A Fernández García",
          "journal_venue": "2017"
        }
      },
      {
        "title": "Première partie. La mainmise européenne sur le monde",
        "url": "https://shs.cairn.info/article/PUF_PHAN_2012_01_0007?tab=texte-integral",
        "snippet": "… Sa politique coloniale fut, elle aussi, placéesousle signe du renforcement de l’État. Deson côté, Jacques VI d’Écosse devint Jacques I er d’Angleterre et, par le biais de cette union …",
        "source": {
          "authors": "B Phan - Quadrige, 2012",
          "journal_venue": "shs.cairn.info"
        }
      },
      {
        "title": "Le Sacré et la détention politique au Maroc actuel",
        "url": "https://www.hypatia-institute.net/wp-content/uploads/2016/08/Program-of-Rule-of-Law-The-Independence-of-Justice.pdf",
        "snippet": "… Le culte des empereurs s’étendue depuis l’accessiondu premier empereur Octavien/ … (Dieu , dit Abu Youssouf à HarunAlRachid, t’a investi de la charge du gouvernement de la notion …",
        "source": {
          "authors": "H Arroub",
          "journal_venue": "2017"
        }
      },
      {
        "title": "L'arganier au Maroc: Entre mythes et réalités-Une civilisation née d'un arbre",
        "url": "https://www.torrossa.com/it/resources/an/5104900",
        "snippet": "… dressée la tente deMoulayRachid, deuxième monarqueAlaouitevenu dans le … ,souslenom d'Idriss 1er.Le royaume d'Idriss1erparvint à résister au calife de Bagdad HarounAlRachid…",
        "source": {
          "authors": "R Nouaim",
          "journal_venue": "2005"
        }
      },
      {
        "title": "L'esthétique de l'hybridité dans le théâtre de Tayeb Saddiki. Exemple des Maqâmât [Les Séances]",
        "url": "https://muse.jhu.edu/pub/296/article/855567/summary",
        "snippet": "… textes théoriques que ce soitsousforme de manifeste ou de … fête du trône célébrant l'accessionde Hassan II au pouvoir ou … Tunisie ou la place HarunalRachidà Bagdad ou la Ataba …",
        "source": {
          "authors": "O Fertat - Expressions maghrébines, 2022",
          "journal_venue": "muse.jhu.edu"
        }
      },
      {
        "title": "Histoire des Algéries",
        "url": "https://books.google.com/books?hl=fr&lr=&id=_5RDEQAAQBAJ&oi=fnd&pg=IA7&dq=Accession+des+Alaouites+sous+Moulay+al-Rachid&ots=hIvfilymIF&sig=CoeiAe_3OtyYfMsmmS8uWT3Naqs",
        "snippet": "Géographiquement, ethniquement, linguistiquement et historiquement, l’Algérie est plurielle.Dans cet ouvrage, Bernard Lugan en retrace toute l’histoire et nous raconte comment ces …",
        "source": {
          "authors": "B Lugan",
          "journal_venue": "2025"
        }
      },
      {
        "title": "Irak: le dessous des cartes",
        "url": "https://books.google.com/books?hl=fr&lr=&id=CINPy5c-PQoC&oi=fnd&pg=PA13&dq=Accession+des+Alaouites+sous+Moulay+al-Rachid&ots=7bi4r8zp3m&sig=tgwxNZ-5IdRDvdRu5v_GMo_5uzo",
        "snippet": "… On jugera peut-être inutile de garder en permanence à la mer troissous-marins lanceurs d'…ses conseillers, Amer al Saadi et AmeralRachid. On comprend la méfiance des officiers de …",
        "source": {
          "authors": "A Taheri",
          "journal_venue": "2002"
        }
      }
    ],
    "es": [
      {
        "title": "'Abid al-Bukhari:¿ Esclavos “subsaharianos” o una élite “negra” en el Marruecos deMoulayIsmail (1672-1727)?",
        "url": "https://search.proquest.com/openview/d97ae29e92bf5e09536573348e627607/1?pq-origsite=gscholar&cbl=2026366&diss=y",
        "snippet": "… de los Abid al-Bukharibajoel sultanato deMoulayIsmail (1672-… por el SultánMoulayIsmailacumuló unpodertremendo.” (El-… supuesta expedición deMoulayal-Rachid, predecesor de …",
        "source": {
          "authors": "P Calderón",
          "journal_venue": "2023"
        }
      }
    ]
  }
}